ds,y
12/10/07,9.590761139
12/11/07,8.519590316
12/12/07,8.183676583
12/13/07,8.072467369
12/14/07,7.893572074
12/15/07,7.783640596
12/16/07,8.414052432
12/17/07,8.829226355
12/18/07,8.382518288
12/19/07,8.069655307
12/20/07,7.879291485
12/21/07,7.761744985
12/22/07,7.529406458
12/23/07,8.38526052
12/24/07,8.620110725
12/25/07,7.852439085
12/26/07,7.853993087
12/27/07,8.051978079
12/28/07,7.926602599
12/29/07,7.838343316
12/30/07,9.703144581
12/31/07,9.385972941
1/1/08,8.293799609
1/2/08,8.43468077
1/3/08,8.262042844
1/4/08,8.106816039
1/5/08,7.950149888
1/6/08,9.509259076
1/7/08,8.846784667
1/8/08,8.430545385
1/9/08,8.248267447
1/10/08,8.28172399
1/11/08,8.292798858
1/12/08,8.199189359
1/13/08,9.996522419
1/14/08,10.12707101
1/15/08,8.933796044
1/16/08,8.566173814
1/17/08,8.547722396
1/18/08,8.399760095
1/19/08,8.223090551
1/20/08,8.838986793
1/21/08,10.89720218
1/22/08,9.444938073
1/23/08,8.923324744
1/24/08,8.543445563
1/25/08,8.495560891
1/26/08,8.417372856
1/27/08,8.572627898
1/28/08,8.736489351
1/29/08,8.634086943
1/30/08,8.673512946
2/1/08,8.824236617
2/2/08,8.537975731
2/3/08,9.698061122
2/4/08,12.09745684
2/5/08,10.63527836
2/6/08,9.691716588
2/7/08,9.315600883
2/8/08,8.970813341
2/9/08,8.589141691
2/10/08,8.617400452
2/11/08,8.616314282
2/12/08,8.215547412
2/13/08,8.064950892
2/14/08,8.11342664
2/15/08,7.799343398
2/16/08,7.62754439
2/17/08,7.555905094
2/18/08,7.71154898
2/19/08,7.788626066
2/20/08,7.708410667
2/21/08,7.768533301
2/22/08,7.695303135
2/23/08,7.378383713
2/24/08,7.910590612
2/25/08,7.626570206
2/26/08,7.573531263
2/27/08,7.567862605
2/29/08,7.552237288
3/2/08,7.336936914
3/5/08,8.12474302
3/6/08,7.887584032
3/7/08,7.819636302
3/8/08,7.383989458
3/9/08,7.814399634
3/10/08,7.542213463
3/11/08,7.548555979
3/12/08,7.688913337
3/13/08,7.477038472
3/14/08,7.358830898
3/15/08,7.032624261
3/16/08,7.118016204
3/17/08,7.349873705
3/18/08,7.326465614
3/19/08,7.363913501
3/20/08,7.277938573
3/21/08,7.251344983
3/22/08,7.002155954
3/23/08,7.163946684
3/24/08,7.759187439
3/25/08,7.518607217
3/26/08,7.41397029
3/27/08,7.442492723
3/28/08,7.228388452
3/29/08,6.991176887
3/30/08,7.211556733
3/31/08,7.311218384
4/1/08,7.349230825
4/2/08,7.514254653
4/3/08,7.393263095
4/4/08,7.286191715
4/5/08,7.273092596
4/6/08,7.168579897
4/7/08,7.611347717
4/8/08,7.617759577
4/9/08,7.425953657
4/10/08,8.182000136
4/11/08,7.399398083
4/12/08,7.106606138
4/13/08,7.080867897
4/14/08,7.421177529
4/15/08,7.491645474
4/16/08,7.385851078
4/17/08,7.68294317
4/18/08,7.688913337
4/19/08,7.259116128
4/20/08,8.144969417
4/21/08,8.713910628
4/22/08,8.091015042
4/23/08,7.840312983
4/24/08,7.648739789
4/25/08,8.020927719
4/26/08,7.830028083
4/27/08,7.72753511
4/28/08,7.835974582
4/29/08,7.626570206
4/30/08,7.644440762
5/1/08,7.548555979
5/2/08,7.440733707
5/3/08,7.073269717
5/4/08,7.026426809
5/5/08,7.392031568
5/6/08,7.29301768
5/7/08,7.361375429
5/8/08,7.512617545
5/9/08,7.460490306
5/10/08,7.114769448
5/11/08,7.125283092
5/12/08,7.455876687
5/13/08,7.317212408
5/14/08,7.410347098
5/15/08,7.402451521
5/16/08,7.294377299
5/17/08,6.989335266
5/18/08,6.993015123
5/19/08,7.431299675
5/20/08,7.362010551
5/21/08,7.454719949
5/22/08,7.368339686
5/23/08,7.143617603
5/24/08,6.835184586
5/25/08,6.89060912
5/26/08,6.974478911
5/27/08,7.26612878
5/28/08,7.270312886
5/29/08,7.265429723
5/30/08,7.157735484
5/31/08,6.865891075
6/3/08,7.153833802
6/4/08,7.216709487
6/5/08,7.201916318
6/6/08,7.212294469
6/7/08,7.186144305
6/8/08,6.820016365
6/9/08,6.882437471
6/10/08,7.183111702
6/11/08,7.242797923
6/12/08,7.192934221
6/13/08,7.183870715
6/14/08,6.970730078
6/15/08,6.91770561
6/16/08,7.222566019
6/17/08,7.356918242
6/18/08,7.242797923
6/19/08,7.22329568
6/20/08,7.163172391
6/21/08,7.241366283
6/22/08,6.986566459
6/23/08,6.963189986
6/24/08,7.250635512
6/25/08,7.160845907
6/26/08,7.132497552
6/27/08,7.091742115
6/28/08,7.012115294
6/29/08,6.857514063
6/30/08,6.827629235
7/2/08,7.13009851
7/3/08,7.277247727
7/4/08,7.038783541
7/5/08,6.89060912
7/6/08,6.957497371
7/7/08,7.295735073
7/8/08,7.497207223
7/9/08,7.310550159
7/10/08,7.20489251
7/11/08,7.222566019
7/12/08,7.257707677
8/1/08,7.425953657
8/2/08,7.117205503
8/3/08,7.249925537
8/4/08,8.276903481
8/5/08,7.60638739
8/6/08,7.643961949
8/7/08,8.012349639
8/8/08,7.930206207
8/9/08,7.508787171
8/10/08,7.52131798
8/11/08,7.589841512
8/12/08,7.500529485
8/13/08,7.370230642
8/14/08,7.385230923
8/15/08,7.302496424
8/16/08,7.275172319
8/17/08,7.392031568
8/18/08,7.516977225
8/19/08,7.909122183
8/20/08,7.723120092
8/21/08,7.670428522
8/22/08,7.62900389
8/23/08,7.430707083
8/24/08,7.579678823
8/25/08,7.948385285
8/26/08,7.795646536
8/27/08,8.007367068
8/28/08,7.790696031
8/29/08,7.832807517
8/30/08,7.51479976
8/31/08,7.62754439
9/1/08,7.855157006
9/2/08,7.964850887
9/3/08,7.74586823
9/4/08,8.08085642
9/5/08,8.25997566
9/6/08,7.769800996
9/7/08,8.177515824
9/8/08,9.281730368
9/9/08,8.33854488
9/10/08,7.830425618
9/11/08,7.808729307
9/12/08,7.816819966
9/13/08,7.554858521
9/14/08,8.555066844
9/15/08,8.207946941
9/16/08,8.083637203
9/17/08,7.791109511
9/18/08,7.670894831
9/19/08,7.640123173
9/20/08,7.550135342
9/21/08,8.249313746
9/22/08,8.303999971
9/23/08,8.126813721
9/24/08,7.70616297
9/25/08,7.663877259
9/26/08,7.526717561
9/27/08,7.925880317
9/28/08,7.921535632
9/29/08,8.033982735
9/30/08,7.725771442
10/1/08,7.694392803
10/2/08,7.449498005
10/3/08,7.391415235
10/4/08,7.34601021
10/5/08,8.101374671
10/6/08,8.156510226
10/7/08,7.971085754
10/8/08,7.872836175
10/9/08,7.635303886
10/10/08,7.58781722
10/11/08,7.342131731
10/12/08,8.177515824
10/13/08,8.340933226
10/14/08,8.476579509
10/15/08,7.87359779
10/16/08,7.717351272
10/17/08,7.490529402
10/18/08,7.375882148
10/19/08,8.075582637
10/20/08,8.165363632
10/23/08,7.585281079
10/24/08,7.607381426
10/25/08,7.267525428
10/26/08,8.040124664
10/27/08,8.109224953
10/28/08,8.806873267
10/29/08,7.747164967
10/30/08,7.480992163
10/31/08,7.346655163
11/1/08,7.247080585
11/2/08,7.938088727
11/3/08,9.035629778
11/4/08,8.041091004
11/5/08,7.406103381
11/6/08,7.973844376
11/7/08,7.768110379
11/8/08,7.471363088
11/9/08,8.030084094
11/10/08,8.729397123
11/11/08,7.93701749
11/12/08,7.665284718
11/13/08,7.580189418
11/14/08,7.710653324
11/15/08,7.261225092
11/16/08,8.046549357
11/17/08,8.093462275
11/18/08,7.767263997
11/19/08,7.496652438
11/20/08,7.552237288
11/21/08,7.497207223
11/22/08,7.312553498
11/23/08,7.938802248
11/24/08,9.058703197
11/25/08,8.194229305
11/26/08,7.519149958
11/27/08,7.551186867
11/28/08,7.713784617
11/29/08,7.605890001
11/30/08,8.499029221
12/1/08,8.291797105
12/2/08,7.89469085
12/3/08,7.790282381
12/4/08,7.655390645
12/5/08,7.610357618
12/6/08,7.531016332
12/7/08,8.231376046
12/8/08,8.006700845
12/9/08,7.858640656
12/10/08,7.697121317
12/11/08,7.595889918
12/12/08,7.73587032
12/13/08,7.351158226
12/14/08,8.031385331
12/15/08,8.394347361
12/16/08,7.823645931
12/17/08,8.08671792
12/18/08,7.77148876
12/19/08,8.688959234
12/20/08,7.747164967
12/21/08,7.960672608
12/22/08,8.624611588
12/23/08,7.996653875
12/24/08,7.620705087
12/25/08,7.431891917
12/26/08,7.462789157
12/27/08,7.448916103
12/28/08,8.251403065
12/29/08,8.555259392
12/30/08,8.315811132
12/31/08,8.309922989
1/1/09,7.758760544
1/2/09,8.808219665
1/3/09,9.121946221
1/4/09,10.15381816
1/5/09,9.267854278
1/6/09,8.434246271
1/7/09,8.137688185
1/8/09,8.04494705
1/9/09,8.228977643
1/10/09,8.141189793
1/11/09,9.215626376
1/12/09,8.732788325
1/13/09,8.510168576
1/14/09,8.104099056
1/15/09,7.950149888
1/16/09,7.852050207
1/17/09,7.656337166
1/18/09,8.044305407
1/19/09,8.801017834
1/20/09,7.829630389
1/21/09,7.777373603
1/22/09,7.93522954
1/23/09,7.672292456
1/24/09,7.38832786
1/25/09,7.511524648
1/26/09,7.663407665
1/27/09,7.789454566
1/28/09,7.807916629
1/29/09,7.824845691
1/30/09,7.906547232
1/31/09,7.70210434
2/1/09,8.477620416
2/2/09,9.149528233
2/3/09,8.062117583
2/4/09,8.06652149
2/5/09,8.059592329
2/6/09,8.049427057
2/7/09,7.762170607
2/8/09,8.097730574
2/9/09,8.018296139
2/10/09,7.616775809
2/11/09,7.842671475
2/12/09,7.768533301
2/13/09,7.530479995
2/14/09,7.332369206
2/15/09,7.224024808
2/16/09,7.416378479
2/17/09,7.427144133
2/18/09,7.397561536
2/19/09,7.495541944
2/20/09,7.399398083
2/21/09,7.008505182
2/22/09,7.118016204
2/23/09,7.483806688
2/24/09,7.571473649
2/25/09,7.648263031
2/26/09,7.474204806
2/27/09,7.472500745
2/28/09,7.211556733
3/1/09,7.343426229
3/2/09,7.482118924
3/3/09,7.410951876
3/4/09,7.403061091
3/5/09,7.452982329
3/6/09,7.423568444
3/7/09,7.085064294
3/8/09,7.210818453
3/9/09,7.356279877
3/10/09,7.304515946
3/11/09,7.46565531
3/12/09,7.869019376
3/13/09,7.248504072
3/14/09,7.07834158
3/15/09,7.221105098
3/16/09,7.33432935
3/17/09,7.292337176
3/18/09,7.299121463
3/19/09,7.283448229
3/20/09,7.301822342
3/21/09,7.062191632
3/22/09,7.181591945
3/23/09,7.505492275
3/24/09,7.874739125
3/25/09,7.578656851
3/26/09,7.36707706
3/27/09,7.257002707
3/28/09,7.056175284
3/29/09,7.502738211
3/30/09,7.443078374
3/31/09,7.481555702
4/1/09,7.482118924
4/2/09,7.519149958
4/3/09,7.659642955
4/4/09,7.244227516
4/5/09,7.232733136
4/6/09,7.342131731
4/7/09,7.421177529
4/8/09,7.492203043
4/9/09,7.31521839
4/10/09,7.141245122
4/11/09,7.009408933
4/12/09,7.087573706
4/13/09,7.304515946
4/14/09,7.374629015
4/15/09,7.512617545
4/16/09,7.517520851
4/17/09,7.374001859
4/18/09,7.141245122
4/19/09,7.161622003
4/20/09,7.484930283
4/21/09,7.512617545
4/22/09,7.444833274
4/23/09,7.474204806
4/24/09,7.671826798
4/25/09,7.842278779
4/26/09,7.924072325
4/27/09,7.828436359
4/28/09,7.586803535
4/29/09,7.629975707
4/30/09,7.709756864
5/1/09,7.526717561
5/2/09,7.193685818
5/3/09,7.257707677
5/4/09,7.454141078
5/5/09,7.481555702
5/6/09,7.559038255
5/7/09,7.444833274
5/8/09,7.337587744
5/9/09,7.135687347
5/10/09,7.085064294
5/11/09,7.272398393
5/12/09,7.510977752
5/13/09,7.498869734
5/14/09,7.444248649
5/15/09,7.403061091
5/16/09,6.91671502
5/17/09,6.977281342
5/18/09,7.482681828
5/19/09,7.41397029
5/20/09,7.372118028
5/21/09,7.333676396
5/22/09,7.395107547
5/23/09,7.036148494
5/24/09,6.874198495
5/25/09,6.98471632
5/26/09,7.455876687
5/27/09,7.494986234
5/28/09,7.331060305
5/29/09,7.104965448
5/30/09,6.993932975
5/31/09,6.930494766
6/1/09,7.218176838
6/2/09,7.475905969
6/3/09,7.364547014
6/4/09,7.239932591
6/5/09,7.309212366
6/6/09,7.138867
6/7/09,6.972606251
6/8/09,7.188412736
6/9/09,7.334981879
6/10/09,7.33432935
6/11/09,7.432483808
6/12/09,7.391415235
6/13/09,6.961296046
6/14/09,7.021976423
6/15/09,7.213768308
6/16/09,7.509883061
6/17/09,7.328437353
6/18/09,7.496652438
6/19/09,7.200424893
6/20/09,7.084226422
6/21/09,7.149131599
6/22/09,7.25629724
6/23/09,7.198183577
6/24/09,7.288927695
6/25/09,7.128495946
6/26/09,7.082548569
6/27/09,6.822197391
6/28/09,6.947937069
6/29/09,7.112327445
6/30/09,7.199678346
7/1/09,7.317212408
7/2/09,7.098375639
7/3/09,7.044905117
7/4/09,7.304515946
7/5/09,7.793586803
7/6/09,7.805474625
7/7/09,7.483244416
7/8/09,7.356918242
7/9/09,7.50714108
7/10/09,7.375255778
7/11/09,7.196686571
7/12/09,7.22329568
7/13/09,7.3524411
7/14/09,7.317212408
7/15/09,7.444248649
7/16/09,7.355641103
7/17/09,7.324489979
7/18/09,7.214504414
7/19/09,7.284134806
7/20/09,7.54009032
7/21/09,7.474772182
7/22/09,7.829232538
7/23/09,7.681099002
7/24/09,7.729735331
7/25/09,7.303170051
7/26/09,7.282073658
7/27/09,7.485491608
7/28/09,7.618742378
7/29/09,7.693937326
7/30/09,7.539558829
7/31/09,7.43838353
8/1/09,7.273786318
8/2/09,7.355641103
8/3/09,7.658227526
8/4/09,7.843456404
8/5/09,8.368461138
8/6/09,8.172164452
8/7/09,7.811568489
8/8/09,7.5750717
8/9/09,7.658699558
8/10/09,7.866338923
8/11/09,7.78113851
8/12/09,7.754910272
8/13/09,7.708859601
8/14/09,8.207129168
8/15/09,7.71154898
8/16/09,7.734558844
8/17/09,7.967626739
8/18/09,8.403800504
8/19/09,8.292798858
8/20/09,7.985484357
8/21/09,8.67180091
8/22/09,7.782390336
8/23/09,7.786967003
8/24/09,7.946617563
8/25/09,8.173575487
8/26/09,7.809541325
8/27/09,7.803026644
8/28/09,8.051340933
8/29/09,7.973155433
8/30/09,7.869019376
8/31/09,8.16251625
9/1/09,8.040124664
9/2/09,7.963460067
9/3/09,7.838343316
9/4/09,7.913155186
9/5/09,7.953318347
9/6/09,8.076204527
9/7/09,7.982416347
9/8/09,8.1285852
9/9/09,7.954723334
9/10/09,8.110126802
9/11/09,8.213652703
9/12/09,8.046869511
9/13/09,8.924257021
9/14/09,8.617219505
9/15/09,8.519590316
9/16/09,8.014335737
9/17/09,8.057694195
9/18/09,8.104401308
9/19/09,7.993957548
9/20/09,8.431853144
9/21/09,9.738200088
9/22/09,10.17998228
9/24/09,8.361941906
9/28/09,9.948843254
9/29/09,8.759040728
9/30/09,8.251663924
10/1/09,8.078688229
10/2/09,8.173575487
10/3/09,7.889084407
10/4/09,9.099855639
10/5/09,9.406564834
10/6/09,9.16440114
10/7/09,8.487352349
10/8/09,8.431417414
10/9/09,8.277666161
10/10/09,8.312135108
10/11/09,8.790116893
10/12/09,10.28003865
10/13/09,9.075779879
10/17/09,8.699181359
10/18/09,9.086589565
10/19/09,8.861491864
10/20/09,8.544419178
10/21/09,8.447628728
10/22/09,8.252706677
10/23/09,8.109826276
10/24/09,8.136810864
10/25/09,8.726805608
10/26/09,9.382695764
10/27/09,8.578288291
10/28/09,8.238801166
10/29/09,8.122371243
10/30/09,8.055157732
10/31/09,7.832410927
11/1/09,8.897545599
11/2/09,8.725669706
11/3/09,8.564076777
11/4/09,8.219056661
11/5/09,8.147577736
11/6/09,8.001355026
11/7/09,7.789454566
11/8/09,8.811950178
11/9/09,9.002208578
11/10/09,8.593042504
11/11/09,8.281977059
11/12/09,8.465057437
11/13/09,8.494743063
11/14/09,8.405143688
11/16/09,10.55869919
11/17/09,9.124564595
11/18/09,8.731820583
11/19/09,8.528924114
11/20/09,8.50512061
11/21/09,8.276394705
11/23/09,9.123910644
11/24/09,8.585972707
11/25/09,8.315566484
11/26/09,8.66112036
11/27/09,8.925720274
11/28/09,8.441391478
11/29/09,9.227787286
11/30/09,9.264733856
12/1/09,9.274910143
12/2/09,8.392989588
12/3/09,8.585225602
12/4/09,8.423761247
12/5/09,8.337827262
12/6/09,9.059750013
12/7/09,9.29825967
12/8/09,8.761863373
12/9/09,8.507546814
12/10/09,8.399310151
12/11/09,8.523572798
12/12/09,8.379539026
12/13/09,9.091106284
12/14/09,9.76198159
12/15/09,8.929567708
12/16/09,8.530701541
12/17/09,8.587092319
12/18/09,9.797849221
12/19/09,8.664750756
12/20/09,9.17232693
12/21/09,9.20140053
12/22/09,9.330520532
12/23/09,8.684570301
12/24/09,8.502485563
12/25/09,8.28878581
12/26/09,8.298041661
12/27/09,9.16293425
12/28/09,9.547954813
12/29/09,9.017240942
12/30/09,8.784927626
12/31/09,8.386628821
1/1/10,8.334471555
1/2/10,8.536014946
1/3/10,8.708639656
1/4/10,8.730043953
1/5/10,8.375629627
1/6/10,8.318986125
1/7/10,8.464425126
1/8/10,8.597297436
1/9/10,8.922791624
1/10/10,9.491677357
1/11/10,9.210140352
1/12/10,8.67795057
1/13/10,8.602269364
1/14/10,8.614501374
1/15/10,8.65886635
1/16/10,8.779403598
1/17/10,11.0079328
1/18/10,9.753245889
1/19/10,9.225130457
1/20/10,9.017726026
1/21/10,8.936955604
1/22/10,9.009325173
1/25/10,11.48406292
1/26/10,10.2642342
1/27/10,9.694431801
1/28/10,9.440419814
1/29/10,9.353747835
1/30/10,9.228474942
1/31/10,9.303921786
2/1/10,10.24017405
2/2/10,9.915959454
2/3/10,10.11151747
2/4/10,9.858594784
2/5/10,10.11900208
2/6/10,10.00056889
2/7/10,11.19145218
2/9/10,10.46333189
2/10/10,9.654064192
2/11/10,9.119758994
2/12/10,8.795733606
2/13/10,8.448485993
2/14/10,8.266678443
2/15/10,8.218517577
2/16/10,8.242493153
2/17/10,8.008032847
2/18/10,8.045267717
2/19/10,7.928766322
2/20/10,7.745002804
2/21/10,7.866338923
2/22/10,7.941651253
2/24/10,8.310414994
2/25/10,7.828038032
2/26/10,7.87359779
2/27/10,7.757051142
2/28/10,7.726212651
3/1/10,7.775275846
3/2/10,7.795234929
3/3/10,7.749753406
3/4/10,8.068089626
3/5/10,8.725832057
3/6/10,7.654443226
3/7/10,7.60339934
3/8/10,7.75319427
3/9/10,7.770223204
3/10/10,7.631431665
3/11/10,7.543802868
3/12/10,7.604396349
3/13/10,7.584264818
3/14/10,7.510977752
3/15/10,7.674617497
3/16/10,7.712890961
3/17/10,7.701652363
3/18/10,7.638198244
3/19/10,7.562681247
3/20/10,7.40367029
3/21/10,7.466227556
3/22/10,7.612336837
3/23/10,7.801800402
3/24/10,8.028781162
3/25/10,7.730174795
3/26/10,7.639642288
3/27/10,7.563200592
3/28/10,7.486613313
3/29/10,7.507690078
3/30/10,7.65396918
3/31/10,7.61283103
4/1/10,7.454141078
4/2/10,7.36707706
4/3/10,7.452982329
4/4/10,7.478734826
4/5/10,7.985143931
4/6/10,7.821643126
4/7/10,7.660585462
4/8/10,7.559559496
4/9/10,7.576609767
4/10/10,7.45007957
4/11/10,7.498869734
4/12/10,7.515889085
4/13/10,7.608374474
4/14/10,7.586296307
4/15/10,7.680637428
4/16/10,7.784889296
4/17/10,7.552237288
4/18/10,7.598900457
4/19/10,7.648263031
4/20/10,7.669961995
4/21/10,7.855544678
4/22/10,8.096512918
4/23/10,8.921057018
4/24/10,8.398634855
4/25/10,7.988203597
4/26/10,8.002694162
4/27/10,8.0730912
4/28/10,7.983098941
4/29/10,7.846198815
4/30/10,7.786551806
5/1/10,7.444833274
5/2/10,7.542213463
5/3/10,7.642524134
5/4/10,7.651120176
5/5/10,7.511524648
5/6/10,7.676937146
5/7/10,7.99125393
5/8/10,7.441906728
5/9/10,7.383989458
5/10/10,7.605890001
5/11/10,7.586803535
5/12/10,7.621195163
5/13/10,7.295735073
5/14/10,7.488852956
5/15/10,7.273092596
5/16/10,7.346655163
5/17/10,7.473637108
5/18/10,7.355641103
5/19/10,7.228388452
5/20/10,7.396948603
5/21/10,7.475339237
5/22/10,7.409741954
5/23/10,7.34601021
5/24/10,7.407924323
5/25/10,7.383989458
5/26/10,7.380879036
5/27/10,7.206377291
5/28/10,7.093404626
5/29/10,7.109879463
5/30/10,7.055312843
5/31/10,7.116394144
6/1/10,7.192182059
6/2/10,7.249215057
6/3/10,7.419380583
6/4/10,7.562161631
6/5/10,7.433075349
6/6/10,7.285506549
6/7/10,7.935587386
6/8/10,9.019542997
6/9/10,7.225481473
6/10/10,7.027314514
6/11/10,6.799055862
6/12/10,5.446737372
6/13/10,5.323009979
6/14/10,5.262690189
6/15/10,6.306275287
6/16/10,6.652863029
6/17/10,7.21964204
6/18/10,7.38832786
6/19/10,7.138867
6/20/10,7.043159916
6/21/10,7.206377291
6/22/10,7.029972912
6/23/10,7.007600614
6/24/10,6.918695219
6/25/10,6.884486652
6/27/10,6.137727054
6/29/10,7.206377291
6/30/10,7.137278437
7/1/10,7.054449658
7/2/10,7.112327445
7/3/10,6.926577033
7/4/10,6.814542897
7/6/10,7.355001921
7/11/10,7.13169851
7/12/10,7.077498054
7/13/10,7.242082359
7/14/10,7.247080585
7/15/10,7.646353722
7/16/10,7.456454555
7/17/10,7.309881486
7/18/10,7.237778192
7/19/10,7.275172319
7/20/10,7.469083885
7/21/10,7.450660796
7/22/10,8.127404563
7/23/10,7.774855767
7/24/10,7.52131798
7/25/10,7.549609165
7/26/10,7.949797216
7/27/10,7.797702036
7/28/10,7.799753318
7/29/10,7.900266037
7/30/10,7.858254182
7/31/10,7.941651253
8/1/10,7.671360923
8/2/10,8.135346949
8/3/10,8.687779492
8/4/10,8.453187861
8/5/10,8.064636476
8/6/10,8.009363077
8/7/10,7.877397186
8/8/10,7.855157006
8/9/10,8.140898461
8/10/10,7.921172722
8/11/10,7.97074039
8/12/10,7.965198291
8/13/10,8.134760782
8/14/10,7.798523054
8/15/10,8.307705967
8/16/10,8.280711076
8/17/10,8.744488114
8/18/10,8.59137259
8/19/10,8.440528106
8/20/10,8.509765676
8/21/10,8.355144739
8/22/10,8.280964401
8/23/10,8.440528106
8/24/10,8.313852267
8/25/10,8.08085642
8/26/10,8.185907481
8/27/10,8.856803357
8/28/10,8.0730912
8/29/10,8.141481041
8/30/10,8.187855444
8/31/10,8.115221973
9/1/10,8.159088655
9/2/10,8.204398418
9/3/10,8.285008895
9/4/10,8.082711134
9/5/10,8.245646901
9/6/10,8.222016437
9/7/10,8.451267041
9/8/10,8.551981017
9/9/10,8.625150333
9/10/10,9.131946305
9/11/10,8.339978572
9/12/10,9.866200968
9/13/10,9.270776741
9/14/10,8.77183541
9/15/10,8.494743063
9/16/10,8.616314282
9/17/10,8.947806093
9/18/10,9.075779879
9/19/10,9.500469448
9/20/10,11.42610316
9/21/10,9.295508384
9/22/10,8.617219505
9/23/10,8.476996002
9/24/10,8.327726166
9/25/10,8.303752416
9/26/10,9.330431852
9/27/10,9.416134285
9/28/10,8.922924931
9/29/10,8.445911989
9/30/10,8.311152548
10/1/10,8.270525095
10/2/10,8.201660191
10/3/10,9.009814111
10/4/10,9.309099144
10/5/10,9.128479345
10/6/10,8.447414297
10/7/10,8.25426877
10/8/10,8.324821299
10/9/10,8.102889135
10/10/10,9.159573255
10/11/10,8.851090688
10/12/10,9.540578934
10/13/10,8.490438454
10/14/10,8.564649133
10/15/10,8.352318548
10/16/10,8.104401308
10/17/10,9.15334665
10/18/10,10.0752957
10/19/10,8.718009331
10/20/10,8.344742754
10/21/10,8.263074836
10/22/10,8.256088134
10/23/10,8.008698183
10/24/10,8.529714472
10/25/10,8.861350111
10/26/10,9.789142351
10/27/10,8.500250471
10/28/10,8.405591015
10/29/10,8.944158831
10/30/10,8.866581653
10/31/10,9.014568767
11/1/10,9.130105979
11/2/10,10.24650972
11/3/10,8.589699882
11/4/10,8.650674583
11/5/10,8.781248333
11/6/10,8.33302994
11/7/10,9.06762407
11/8/10,9.523324627
11/9/10,8.709960006
11/10/10,8.371010681
11/11/10,8.377701213
11/12/10,8.400434631
11/13/10,8.182838711
11/14/10,8.875007486
11/15/10,9.210340372
11/16/10,8.714567551
11/17/10,8.317521996
11/18/10,8.559294367
11/19/10,8.604654467
11/20/10,8.733755131
11/21/10,9.540578934
11/22/10,10.16168932
11/23/10,8.816705016
11/24/10,8.314097335
11/25/10,8.710619528
11/26/10,8.743691111
11/27/10,8.392310009
11/28/10,9.230731062
11/29/10,10.25611431
11/30/10,8.913819351
12/1/10,8.650324504
12/2/10,8.390041406
12/3/10,8.309184528
12/4/10,8.222285074
12/5/10,9.282381925
12/6/10,9.92260367
12/7/10,9.168893182
12/8/10,8.748304912
12/9/10,8.815073089
12/10/10,9.763305522
12/11/10,8.568836425
12/12/10,8.926118971
12/13/10,9.128913373
12/14/10,9.719564714
12/15/10,8.781248333
12/16/10,8.48838211
12/17/10,8.53640741
12/18/10,8.144098463
12/19/10,9.106645136
12/20/10,9.115699968
12/21/10,9.684211513
12/22/10,8.800113947
12/23/10,8.547528391
12/24/10,8.32215107
12/25/10,8.095293777
12/26/10,8.92345798
12/27/10,9.379745537
12/28/10,8.903271586
12/29/10,8.875566692
12/30/10,8.441391478
12/31/10,8.59674347
1/1/11,9.009691898
1/2/11,9.398975291
1/3/11,9.99392223
1/4/11,9.061492275
1/5/11,8.971194463
1/6/11,8.946895524
1/7/11,9.186969386
1/8/11,9.098067129
1/9/11,10.87810379
1/10/11,9.382695764
1/11/11,9.198976042
1/12/11,8.621192781
1/13/11,8.61323038
1/14/11,8.695171999
1/15/11,8.720297287
1/16/11,9.500319803
1/17/11,9.34757739
1/18/11,8.783702699
1/19/11,8.702177866
1/20/11,8.682199026
1/21/11,8.483636408
1/22/11,8.409162447
1/23/11,8.973097896
1/24/11,9.550306498
1/25/11,8.786303878
1/26/11,8.608130186
1/27/11,8.494947582
1/28/11,8.448700195
1/29/11,8.191740021
1/30/11,8.380915173
1/31/11,9.073947747
2/1/11,8.356085031
2/2/11,8.348537825
2/3/11,8.53503311
2/4/11,8.434897949
2/5/11,8.53542596
2/6/11,8.991686726
2/7/11,9.777130364
2/8/11,8.63887971
2/9/11,8.283241441
2/10/11,8.273336599
2/11/11,8.159088655
2/12/11,7.913521017
2/13/11,7.840706452
2/14/11,8.02486215
2/15/11,7.971430998
2/16/11,8.477828468
2/17/11,7.957877358
2/18/11,8.023552392
2/19/11,7.549082711
2/20/11,7.519692404
2/21/11,7.871692664
2/22/11,7.681560363
2/23/11,7.732369222
2/24/11,7.782390336
2/25/11,7.656337166
2/26/11,7.483244416
2/27/11,7.598900457
2/28/11,7.786136438
3/1/11,7.750614733
3/2/11,7.764720545
3/3/11,7.704811923
3/4/11,7.658699558
3/5/11,7.347299701
3/6/11,7.544332108
3/7/11,7.747164967
3/8/11,7.688913337
3/9/11,7.770645234
3/10/11,7.6118424
3/11/11,7.487733761
3/12/11,7.557472902
3/13/11,7.568379268
3/14/11,7.525639975
3/15/11,7.661997559
3/16/11,7.416378479
3/17/11,7.443663683
3/18/11,7.316548177
3/19/11,7.17472431
3/20/11,7.247792582
3/21/11,7.41397029
3/22/11,7.529406458
3/23/11,7.639642288
3/24/11,8.269756948
3/25/11,8.331345425
3/26/11,7.784473236
3/27/11,7.480992163
3/28/11,7.58781722
3/29/11,7.671826798
3/30/11,7.59739632
3/31/11,7.677400431
4/1/11,7.484368643
4/2/11,7.261225092
4/3/11,7.392031568
4/4/11,7.428333194
4/5/11,7.557472902
4/6/11,7.488852956
4/7/11,7.427144133
4/8/11,8.215276959
4/9/11,8.493719835
4/10/11,8.14322675
4/11/11,8.121777419
4/12/11,8.207946941
4/13/11,8.519789817
4/14/11,8.574707098
4/15/11,8.047829357
4/16/11,7.487733761
4/17/11,7.566311015
4/18/11,7.997663127
4/19/11,8.00836557
4/20/11,7.914983006
4/21/11,7.880426344
4/22/11,7.848933726
4/23/11,7.508238775
4/24/11,7.660585462
4/25/11,8.027476531
4/26/11,8.100464891
4/27/11,8.180880942
4/28/11,8.333510709
4/29/11,8.641002477
4/30/11,8.463159303
5/1/11,8.012018239
5/2/11,7.795646536
5/3/11,7.705712824
5/4/11,7.778630147
5/5/11,7.812378206
5/6/11,7.561641746
5/7/11,7.263329617
5/8/11,7.355641103
5/9/11,7.474772182
5/10/11,7.534228326
5/11/11,7.629975707
5/12/11,7.626082758
5/13/11,7.444833274
5/14/11,7.119635638
5/15/11,7.370230642
5/16/11,7.541152455
5/17/11,7.513709248
5/18/11,7.590346946
5/19/11,7.54802897
5/20/11,7.368339686
5/21/11,7.113142109
5/22/11,7.237059026
5/23/11,7.487173694
5/24/11,7.612336837
5/25/11,8.217168596
5/26/11,7.6666902
5/27/11,7.326465614
5/28/11,7.093404626
5/29/11,7.139660336
5/30/11,7.40367029
5/31/11,7.425953657
6/1/11,7.437795122
6/2/11,7.553286606
6/3/11,7.321849714
6/4/11,7.103322063
6/5/11,7.110696123
6/6/11,7.482118924
6/7/11,7.545918151
6/8/11,7.327780538
6/9/11,7.21964204
6/10/11,7.363279587
6/11/11,7.188412736
6/12/11,7.250635512
6/13/11,7.45007957
6/14/11,7.197435354
6/15/11,7.419380583
6/16/11,7.379632153
6/17/11,7.403061091
6/18/11,7.515889085
6/19/11,7.637234389
6/20/11,7.526178913
6/21/11,7.318539549
6/22/11,7.382124366
6/23/11,7.749753406
6/24/11,7.676009932
6/25/11,7.26612878
6/26/11,7.583247524
6/27/11,7.566828479
6/28/11,7.560080465
6/29/11,7.632885505
6/30/11,7.500529485
7/1/11,7.423568444
7/2/11,7.390181428
7/3/11,7.210079628
7/4/11,7.945555428
7/5/11,7.599901959
7/6/11,7.562681247
7/7/11,7.6118424
7/8/11,8.999989642
7/9/11,8.737933858
7/10/11,8.267962305
7/11/11,7.779048645
7/12/11,7.578656851
7/13/11,7.605392365
7/14/11,8.291797105
7/15/11,7.617759577
7/16/11,7.358830898
7/17/11,7.686621335
7/18/11,7.753623547
7/19/11,7.779048645
7/20/11,8.057060682
7/21/11,7.898411093
7/22/11,7.797291274
7/23/11,7.515344571
7/24/11,7.482681828
7/25/11,7.886832999
7/26/11,8.397282895
7/27/11,8.267705665
7/28/11,8.236155662
7/29/11,8.388905171
7/30/11,9.078864009
7/31/11,9.632990305
8/1/11,8.947806093
8/2/11,8.539345996
8/3/11,8.347827346
8/4/11,8.32530603
8/5/11,8.255568653
8/6/11,8.097121931
8/7/11,8.135932772
8/8/11,8.018954683
8/9/11,8.086102536
8/10/11,8.133293861
8/11/11,8.049746291
8/12/11,8.190631681
8/13/11,8.04334217
8/14/11,8.438149984
8/15/11,8.107418812
8/16/11,8.168769824
8/17/11,8.174702882
8/18/11,8.291295852
8/19/11,8.305978211
8/20/11,8.423102268
8/21/11,8.756210092
8/22/11,8.725832057
8/23/11,8.707482918
8/24/11,8.510772624
8/25/11,8.702177866
8/26/11,8.580543507
8/27/11,9.225426009
8/28/11,8.411165787
8/29/11,8.451907725
8/30/11,8.77183541
8/31/11,8.238801166
9/1/11,8.157083785
9/3/11,8.03915739
9/4/11,8.118505068
9/5/11,9.185637759
9/6/11,9.152393412
9/7/11,9.02617712
9/8/11,9.742261904
9/9/11,10.08284639
9/10/11,9.11107237
9/11/11,9.73878978
9/12/11,9.614938438
9/13/11,9.348013177
9/14/11,8.554296279
9/15/11,8.449556543
9/16/11,8.430545385
9/17/11,8.605387202
9/18/11,9.219894585
9/19/11,9.50076867
9/20/11,9.522300337
9/21/11,8.478868077
9/22/11,8.283494126
9/23/11,8.26898821
9/24/11,8.283241441
9/25/11,9.030136571
9/26/11,10.25255866
9/27/11,9.166597449
9/28/11,8.275376375
9/29/11,8.34664209
9/30/11,8.42156296
10/1/11,8.19450551
10/2/11,8.877660934
10/3/11,8.994172434
10/4/11,9.556762939
10/5/11,8.414495793
10/6/11,8.311398278
10/7/11,8.365672384
10/8/11,8.149023868
10/9/11,8.968268811
10/10/11,8.88322423
10/11/11,8.70450229
10/12/11,8.232971791
10/13/11,8.173011312
10/14/11,8.13446757
10/15/11,8.834336974
10/16/11,9.089753409
10/17/11,9.01079127
10/18/11,8.717518373
10/19/11,8.422003004
10/21/11,8.207129168
10/22/11,8.054840221
10/23/11,8.831565879
10/24/11,10.18274675
10/25/11,8.809862805
10/26/11,8.76013937
10/27/11,8.885025658
10/28/11,8.561592779
10/29/11,8.24957515
10/30/11,9.356602879
10/31/11,9.127502094
11/1/11,8.791029857
11/2/11,8.65347081
11/3/11,8.743372131
11/4/11,8.867427439
11/5/11,8.440096141
11/6/11,9.375685305
11/7/11,9.741027445
11/8/11,8.836228572
11/9/11,8.461046031
11/10/11,8.216358332
11/11/11,8.228443883
11/12/11,8.047189562
11/13/11,9.072341874
11/14/11,9.467614782
11/15/11,8.986696696
11/16/11,8.43923165
11/17/11,8.42398081
11/18/11,8.588024372
11/19/11,8.254008591
11/20/11,8.745125259
11/21/11,9.495143304
11/22/11,8.724695047
11/23/11,8.359603271
11/24/11,8.763740721
11/25/11,8.727940222
11/26/11,8.3854887
11/27/11,9.313077449
11/28/11,9.306195858
11/29/11,9.846758458
11/30/11,8.796792688
12/1/11,8.646113971
12/2/11,8.939843124
12/3/11,8.843759382
12/4/11,9.700514208
12/5/11,9.539140395
12/6/11,8.908288886
12/7/11,9.021839764
12/8/11,9.109635668
12/9/11,8.871645668
12/10/11,8.382289429
12/11/11,9.232297539
12/12/11,9.852878235
12/13/11,8.847072313
12/14/11,8.533460164
12/15/11,8.588024372
12/16/11,8.485496105
12/17/11,8.189799619
12/18/11,9.496871783
12/19/11,9.462809689
12/20/11,8.843470782
12/21/11,8.363109176
12/22/11,8.605753368
12/23/11,6.586171655
12/26/11,7.635786861
12/27/11,9.248791558
12/28/11,8.880724576
12/29/11,8.696175847
12/30/11,8.453827316
12/31/11,8.144679183
1/1/12,9.076351732
1/2/12,10.24469854
1/3/12,9.85828096
1/4/12,9.187583385
1/5/12,8.762489547
1/6/12,8.50167338
1/7/12,8.655214489
1/8/12,10.03889219
1/9/12,9.464362243
1/10/12,8.973097896
1/11/12,8.955577146
1/12/12,8.919453169
1/13/12,8.726318951
1/14/12,8.739216115
1/15/12,10.26196587
1/16/12,10.56949475
1/17/12,9.561208489
1/18/12,9.604002768
1/19/12,10.08610073
1/20/12,9.728419624
1/21/12,9.412055976
1/22/12,9.8435783
1/23/12,11.57217502
1/24/12,10.28171849
1/25/12,10.16976722
1/26/12,9.682903224
1/27/12,9.895505783
1/28/12,9.37627845
1/29/12,9.582179752
1/30/12,10.34145212
1/31/12,10.33397042
2/1/12,10.2182253
2/2/12,9.734062477
2/3/12,10.18746276
2/4/12,9.88857694
2/5/12,11.07508695
2/6/12,12.67354182
2/7/12,10.9246967
2/8/12,10.18153587
2/9/12,9.863394459
2/10/12,9.925738161
2/11/12,9.401539077
2/12/12,9.334414687
2/13/12,9.147507063
2/14/12,8.913953859
2/15/12,9.180190395
2/16/12,9.057189192
2/17/12,8.712759975
2/18/12,8.403128235
2/19/12,8.294799359
2/20/12,9.115919796
2/21/12,8.951569643
2/22/12,8.351374707
2/23/12,8.653819789
2/24/12,8.642944397
2/25/12,8.716207971
2/26/12,8.364973978
2/27/12,8.373784608
2/28/12,8.517193191
2/29/12,8.318254329
3/1/12,8.395477433
3/2/12,8.322880022
3/3/12,8.245646901
3/4/12,8.631949429
3/5/12,8.310660906
3/6/12,8.432941639
3/7/12,11.64483054
3/8/12,11.36328792
3/9/12,10.69294441
3/10/12,10.33439296
3/11/12,9.986080851
3/12/12,10.28209521
3/13/12,10.19436452
3/14/12,10.09547062
3/15/12,10.14686501
3/16/12,10.14088898
3/17/12,10.2095374
3/18/12,10.03368213
3/19/12,11.08283462
3/20/12,11.17448329
3/21/12,10.77928957
3/22/12,9.947504438
3/23/12,9.376024288
3/24/12,8.997765772
3/25/12,8.83287946
3/26/12,8.898228986
3/27/12,8.764678074
3/28/12,8.541105011
3/29/12,8.396154863
3/30/12,8.312380597
3/31/12,8.341171747
4/1/12,8.13005904
4/2/12,8.35819746
4/3/12,8.355614996
4/4/12,8.181720455
4/5/12,8.10952566
4/6/12,8.064636476
4/7/12,7.823245691
4/8/12,7.854769183
4/9/12,8.101677747
4/10/12,8.090402297
4/11/12,7.989899375
4/12/12,8.098946749
4/13/12,8.653819789
4/14/12,8.041091004
4/15/12,8.049746291
4/16/12,8.221478947
4/17/12,8.170751424
4/18/12,8.335431478
4/19/12,8.256607345
4/20/12,8.057694195
4/21/12,7.707961532
4/22/12,7.917171989
4/23/12,8.260234292
4/24/12,8.288031568
4/25/12,8.368693183
4/26/12,8.633552993
4/27/12,9.272469743
4/28/12,8.675563527
4/29/12,8.483429561
5/1/12,8.171882006
5/2/12,8.206583614
5/3/12,8.188966864
5/4/12,8.030734924
5/5/12,8.054840221
5/6/12,9.155144737
5/7/12,8.833316937
5/8/12,8.349720837
5/9/12,8.18339737
5/10/12,7.956476798
5/11/12,7.869401713
5/12/12,7.709308333
5/13/12,7.819234454
5/14/12,7.832410927
5/15/12,7.886832999
5/16/12,8.037866235
5/17/12,7.952615112
5/18/12,7.767687277
5/19/12,7.478169694
5/20/12,7.539027056
5/21/12,7.997999318
5/22/12,8.309676896
5/23/12,8.028781162
5/24/12,7.790282381
5/25/12,7.761744985
5/26/12,7.476472381
5/27/12,7.639642288
5/28/12,7.655864018
5/29/12,7.819636302
5/30/12,7.813591553
5/31/12,7.990576882
6/1/12,7.812782819
6/2/12,7.657755271
6/3/12,7.694392803
6/4/12,7.841492924
6/5/12,7.933438388
6/6/12,7.651120176
6/7/12,7.723562472
6/8/12,7.880048201
6/9/12,7.940939762
6/10/12,7.758760544
6/11/12,7.63336965
6/12/12,7.848543482
6/13/12,7.897296473
6/14/12,7.722234745
6/15/12,7.712443834
6/16/12,7.539558829
6/17/12,7.911690521
6/18/12,7.80139132
6/19/12,8.401333305
6/20/12,8.181440696
6/21/12,7.862882035
6/22/12,7.924072325
6/23/12,7.566828479
6/24/12,7.519149958
6/25/12,7.648739789
6/26/12,7.770645234
6/27/12,7.609862201
6/28/12,7.591861715
6/29/12,7.539027056
6/30/12,7.34536484
7/1/12,7.463363046
7/2/12,7.51479976
7/3/12,7.642524134
7/4/12,7.676009932
7/5/12,7.557994959
7/6/12,7.688913337
7/7/12,7.60638739
7/8/12,7.582229194
7/9/12,7.7419679
7/10/12,7.782390336
7/11/12,8.006367568
7/12/12,8.651024539
7/13/12,8.403576465
7/14/12,8.385032288
7/15/12,8.028129059
7/16/12,7.957877358
7/17/12,7.99530662
7/18/12,7.992268643
7/19/12,7.935945103
7/20/12,7.987864096
7/21/12,7.783640596
7/22/12,7.808729307
7/23/12,8.053251154
7/24/12,7.97590836
7/25/12,8.122371243
7/26/12,8.559869466
7/27/12,8.927446816
7/28/12,8.285765421
7/29/12,8.283999304
7/30/12,8.163371316
7/31/12,7.914252279
8/1/12,7.864419905
8/2/12,8.072155308
8/3/12,8.080237416
8/4/12,8.120886021
8/5/12,8.113127104
8/6/12,8.144388866
8/7/12,8.064636476
8/8/12,7.944846711
8/9/12,8.24143969
8/10/12,9.007367027
8/11/12,8.662331957
8/12/12,8.800565992
8/13/12,8.374246182
8/14/12,8.564076777
8/15/12,8.384347278
8/16/12,8.126518169
8/17/12,8.390722527
8/18/12,8.335191583
8/19/12,8.927844826
8/20/12,9.00797936
8/21/12,8.378160983
8/22/12,8.203304027
8/23/12,8.385716829
8/24/12,8.311152548
8/25/12,8.741456116
8/26/12,9.442958894
8/27/12,9.145908512
8/28/12,8.589513853
8/29/12,8.464846711
8/30/12,8.365905077
8/31/12,8.565411764
9/1/12,8.472405009
9/2/12,8.966483779
9/3/12,8.560061092
9/4/12,8.469052816
9/5/12,8.743850562
9/6/12,10.01382068
9/7/12,8.691146499
9/8/12,8.780941114
9/9/12,9.839002363
9/10/12,11.61494039
9/11/12,9.628655892
9/12/12,8.782936356
9/13/12,8.681181042
9/14/12,9.000976444
9/15/12,8.746239288
9/16/12,9.807251945
9/17/12,9.612667228
9/18/12,10.59209946
9/19/12,8.75542238
9/20/12,8.560635749
9/21/12,9.40516675
9/22/12,8.458079927
9/23/12,9.54959445
9/24/12,9.606024468
9/25/12,8.677269139
9/26/12,8.171034189
9/27/12,8.24143969
9/28/12,8.510973892
9/29/12,8.323608442
9/30/12,9.25922577
10/1/12,9.849664746
10/2/12,8.833171133
10/3/12,8.497806478
10/4/12,8.634086943
10/5/12,9.042276687
10/6/12,8.550047528
10/7/12,9.81809305
10/8/12,9.902086572
10/9/12,8.916371915
10/10/12,8.332067707
10/11/12,8.236685323
10/12/12,8.40178234
10/13/12,8.24170316
10/14/12,9.035629778
10/15/12,9.104090572
10/16/12,10.83214154
10/17/12,8.778787929
10/18/12,8.480114183
10/19/12,8.48941081
10/20/12,8.250620082
10/21/12,9.543449818
10/22/12,9.097171674
10/23/12,8.669399124
10/24/12,8.349247801
10/25/12,8.340694648
10/26/12,8.494743063
10/27/12,8.533263372
10/28/12,9.219795531
10/29/12,10.44429907
10/30/12,8.87696334
10/31/12,8.681859813
11/1/12,8.498214225
11/2/12,8.568456485
11/3/12,8.458716262
11/4/12,9.718181547
11/5/12,9.687009239
11/6/12,8.830104318
11/7/12,8.387995253
11/8/12,8.498418036
11/9/12,8.847216104
11/10/12,8.280964401
11/11/12,9.26492325
11/12/12,9.111734768
11/13/12,8.706821323
11/14/12,8.331827004
11/15/12,8.366602833
11/16/12,8.276903481
11/17/12,8.129469765
11/18/12,9.179159254
11/19/12,9.685580268
11/20/12,8.655214489
11/21/12,8.294549515
11/22/12,8.652248422
11/23/12,8.929700114
11/24/12,8.395929104
11/25/12,9.467537463
11/26/12,9.889794225
11/27/12,8.849227021
11/28/12,8.614319902
11/29/12,8.481566014
11/30/12,8.749098248
12/1/12,8.653645315
12/2/12,9.348274558
12/3/12,9.676837862
12/4/12,9.642901706
12/5/12,8.728911725
12/6/12,8.778941882
12/7/12,9.96057652
12/8/12,8.73777346
12/9/12,9.252633284
12/10/12,9.266248004
12/11/12,9.427304872
12/12/12,8.793005091
12/13/12,8.703008637
12/14/12,8.439447843
12/15/12,8.291045131
12/16/12,9.313257906
12/17/12,9.347926035
12/18/12,8.791486027
12/19/12,8.518991573
12/20/12,8.41294317
12/21/12,8.296795866
12/22/12,8.212568398
12/23/12,9.256555796
12/24/12,9.652265977
12/25/12,8.637462024
12/26/12,8.60776489
12/27/12,8.965334574
12/28/12,8.683724062
12/29/12,8.532672762
12/30/12,9.490166668
12/31/12,10.14285872
1/1/13,9.111624399
1/2/13,9.085003881
1/3/13,9.055089087
1/4/13,9.336267929
1/5/13,9.23960787
1/6/13,10.13273245
1/7/13,9.49122439
1/8/13,9.112286432
1/9/13,9.063578991
1/10/13,8.972971113
1/11/13,9.1454818
1/12/13,10.54186171
1/13/13,11.50752089
1/14/13,10.19316763
1/15/13,9.279959714
1/16/13,8.846353043
1/17/13,8.7326271
1/18/13,8.655040258
1/19/13,8.454466362
1/20/13,8.963672276
1/21/13,10.02109279
1/22/13,9.005650499
1/23/13,8.86092473
1/24/13,8.585225602
1/25/13,8.536211197
1/26/13,8.458504195
1/27/13,8.534443545
1/28/13,10.10422188
1/29/13,8.650674583
1/30/13,8.51218065
1/31/13,8.485496105
2/1/13,8.577911926
2/2/13,8.549853974
2/3/13,9.606226414
2/4/13,10.02619179
2/5/13,8.870241567
2/6/13,8.527935288
2/7/13,8.383433201
2/8/13,8.200837258
2/9/13,8.092851028
2/10/13,8.038834758
2/11/13,8.086410275
2/12/13,8.03657341
2/13/13,7.975220839
2/14/13,7.842671475
2/15/13,7.893572074
2/16/13,7.817625443
2/17/13,7.82284529
2/18/13,7.967280179
2/19/13,8.006700845
2/20/13,7.911324019
2/21/13,7.851661178
2/22/13,7.87207398
2/23/13,7.753623547
2/24/13,7.68294317
2/25/13,7.843848638
2/26/13,8.191463051
2/27/13,7.97831097
2/28/13,7.923348212
3/1/13,7.871311203
3/2/13,7.743703258
3/3/13,7.778630147
3/4/13,7.835183755
3/5/13,7.838343316
3/6/13,7.846198815
3/7/13,7.920446505
3/8/13,7.757906208
3/9/13,7.586296307
3/10/13,7.51479976
3/11/13,7.757906208
3/12/13,7.803435057
3/13/13,8.078998259
3/14/13,8.380685947
3/15/13,8.064321961
3/16/13,7.852827812
3/17/13,7.903965634
3/18/13,7.844632644
3/19/13,7.889459149
3/20/13,8.225503098
3/21/13,8.540714386
3/22/13,8.019283793
3/23/13,7.831220215
3/24/13,8.433159196
3/25/13,8.096208272
3/26/13,7.866338923
3/27/13,7.779048645
3/28/13,7.773594467
3/29/13,7.772752716
3/30/13,7.768110379
3/31/13,7.480992163
4/1/13,7.743703258
4/2/13,7.596392304
4/3/13,7.680637428
4/4/13,7.538494999
4/5/13,7.45007957
4/6/13,7.443078374
4/7/13,7.548555979
4/8/13,7.640603826
4/9/13,7.676473646
4/10/13,7.567345676
4/11/13,8.076826031
4/12/13,7.701200181
4/13/13,7.368339686
4/14/13,7.366445148
4/15/13,7.486613313
4/16/13,7.574045005
4/17/13,7.568895663
4/18/13,7.639642288
4/19/13,7.853216388
4/20/13,7.311886164
4/21/13,7.536363938
4/22/13,7.682482447
4/23/13,7.731930722
4/24/13,8.012018239
4/25/13,7.980365765
4/26/13,8.171316875
4/27/13,7.977968093
4/28/13,7.794823152
4/29/13,8.304247465
4/30/13,8.056426768
5/1/13,7.777792626
5/2/13,8.228977643
5/3/13,7.900636613
5/4/13,7.461640392
5/5/13,7.549082711
5/6/13,7.816819966
5/7/13,7.722234745
5/8/13,7.715569535
5/9/13,7.726212651
5/10/13,7.58171964
5/11/13,7.265429723
5/12/13,7.301147806
5/13/13,7.474204806
5/14/13,7.588829878
5/15/13,7.61085279
5/16/13,7.647786045
5/17/13,7.60190196
5/18/13,7.254177846
5/19/13,7.180069874
5/20/13,7.377133713
5/21/13,7.5750717
5/22/13,7.50714108
5/23/13,7.585788822
5/24/13,7.40731771
5/25/13,7.030857476
5/26/13,7.150701458
5/27/13,7.254177846
5/28/13,7.450660796
5/29/13,7.551186867
5/30/13,7.61332498
5/31/13,7.427144133
6/1/13,7.350516172
6/2/13,7.288244401
6/3/13,7.434847875
6/4/13,7.537430037
6/5/13,7.3524411
6/6/13,7.282073658
6/7/13,7.303170051
6/8/13,7.293697721
6/9/13,7.229838778
6/10/13,7.5750717
6/11/13,7.974188669
6/12/13,7.615791072
6/13/13,7.474204806
6/14/13,7.33432935
6/15/13,7.319202459
6/16/13,7.404887576
6/17/13,7.424761762
6/18/13,7.470224136
6/19/13,7.367708572
6/20/13,7.284134806
6/21/13,7.325807503
6/22/13,7.290974778
6/23/13,7.19142933
6/24/13,7.289610521
6/25/13,7.332369206
6/26/13,7.395721609
6/27/13,7.567345676
6/28/13,7.621195163
6/29/13,7.268920128
6/30/13,7.26961675
7/1/13,7.307872781
7/2/13,7.281385664
7/3/13,7.321188557
7/4/13,7.512071246
7/5/13,7.500529485
7/6/13,7.113142109
7/7/13,7.142036575
7/8/13,7.323830566
7/9/13,7.428927195
7/10/13,7.528869257
7/11/13,7.419979924
7/12/13,7.473069088
7/13/13,7.337587744
7/14/13,7.35436233
7/15/13,7.582738489
7/16/13,7.626082758
7/17/13,7.759614151
7/18/13,7.940583827
7/19/13,7.590852124
7/20/13,7.418180823
7/21/13,7.411556288
7/22/13,7.597897951
7/24/13,6.635946556
7/25/13,7.647308832
7/26/13,7.827639546
7/27/13,7.63385356
7/28/13,8.530306831
7/29/13,8.529516941
7/30/13,7.851271997
7/31/13,7.795646536
8/1/13,7.582229194
8/2/13,7.438971592
8/3/13,7.638679824
8/4/13,7.527255919
8/5/13,7.724888439
8/6/13,7.913521017
8/7/13,8.659560433
8/8/13,8.295798111
8/9/13,8.132412675
8/10/13,7.92551898
8/11/13,7.828436359
8/12/13,7.844240718
8/13/13,7.776954403
8/14/13,7.766840537
8/15/13,7.789868559
8/16/13,7.693937326
8/17/13,7.715569535
8/18/13,8.152774053
8/19/13,8.252967195
8/20/13,7.941295571
8/21/13,7.809541325
8/22/13,7.819234454
8/23/13,7.812378206
8/24/13,7.54538975
8/25/13,8.47428569
8/26/13,7.791935957
8/27/13,7.668093709
8/28/13,7.805474625
8/29/13,7.967280179
8/30/13,7.994294986
8/31/13,7.809541325
9/1/13,8.703174709
9/2/13,7.967280179
9/3/13,8.096208272
9/4/13,8.037866235
9/5/13,8.580167991
9/6/13,10.87185827
9/7/13,9.192481854
9/8/13,9.150696519
9/9/13,9.823198981
9/10/13,8.768885326
9/11/13,8.508555998
9/12/13,8.72972059
9/13/13,8.921457579
9/14/13,8.529911964
9/15/13,10.41598178
9/16/13,10.33698927
9/17/13,9.146441646
9/18/13,8.508757713
9/19/13,8.386172929
9/20/13,8.361007108
9/21/13,8.129764446
9/22/13,8.731981938
9/23/13,8.735846677
9/24/13,10.81969828
9/25/13,10.65909297
9/26/13,9.849453664
9/27/13,8.888204871
9/28/13,8.927712174
9/29/13,9.6673854
9/30/13,10.16350291
10/1/13,9.337941717
10/2/13,9.177197153
10/3/13,8.879054662
10/4/13,8.578664514
10/5/13,8.730043953
10/6/13,9.953324787
10/7/13,10.23874477
10/8/13,9.203114327
10/9/13,8.747193184
10/10/13,8.775549434
10/11/13,9.209840247
10/12/13,8.528133131
10/13/13,9.057655284
10/14/13,9.422948621
10/15/13,9.029178143
10/16/13,9.097731428
10/17/13,9.448096636
10/18/13,9.112507012
10/19/13,8.80267284
10/20/13,9.208438565
10/21/13,11.04708914
10/22/13,9.327589932
10/23/13,8.678801707
10/24/13,8.576593535
10/25/13,8.435983136
10/26/13,8.19007705
10/27/13,9.060447282
10/28/13,9.270305953
10/29/13,8.50167338
10/30/13,8.18729927
10/31/13,8.095903533
11/1/13,8.04334217
11/2/13,7.952615112
11/3/13,8.399085103
11/4/13,8.791029857
11/5/13,8.303009381
11/6/13,8.119100838
11/7/13,8.230310799
11/8/13,8.157657015
11/9/13,7.829232538
11/10/13,8.573951525
11/11/13,9.611328808
11/12/13,8.92385758
11/13/13,8.365439636
11/14/13,8.311889558
11/15/13,8.631414336
11/16/13,8.453827316
11/17/13,8.905851181
11/18/13,10.86748214
11/19/13,9.155144737
11/20/13,8.439447843
11/21/13,8.443546651
11/22/13,8.572627898
11/23/13,8.372398607
11/24/13,8.736007385
11/25/13,10.38850294
11/26/13,8.708804795
11/27/13,8.195333667
11/28/13,8.221478947
11/29/13,8.27512163
11/30/13,8.169902647
12/1/13,8.822322177
12/2/13,9.805433612
12/3/13,9.38907216
12/4/13,8.981304495
12/5/13,8.579228582
12/6/13,8.487764381
12/7/13,8.721928343
12/8/13,8.918248591
12/9/13,9.651622973
12/10/13,8.864746661
12/11/13,8.509362612
12/12/13,8.631771096
12/13/13,9.202711345
12/14/13,8.903815212
12/15/13,9.026537719
12/16/13,9.237663668
12/17/13,8.895081532
12/18/13,8.642944397
12/19/13,8.129764446
12/20/13,8.291797105
12/21/13,8.098034756
12/22/13,9.518780498
12/23/13,9.904686833
12/24/13,8.937349848
12/25/13,8.578852572
12/26/13,8.715880102
12/27/13,8.488999457
12/28/13,8.505727713
12/29/13,9.300089664
12/30/13,10.14615918
12/31/13,9.177093778
1/1/14,8.835646923
1/2/14,8.83287946
1/3/14,8.92305822
1/4/14,8.893298144
1/5/14,8.602636673
1/7/14,8.991437815
1/8/14,8.806873267
1/9/14,8.854093908
1/10/14,8.931023216
1/11/14,8.852807918
1/12/14,10.69330762
1/13/14,11.30756044
1/14/14,9.837454582
1/15/14,9.605081517
1/16/14,9.745370684
1/17/14,9.67564548
1/18/14,9.434683204
1/19/14,11.50362232
1/20/14,11.97677897
1/21/14,10.54257446
1/22/14,10.00428266
1/23/14,9.732817848
1/24/14,9.866460432
1/25/14,9.370927437
1/26/14,9.490544555
1/27/14,10.13915238
1/28/14,9.999842641
1/29/14,10.03271595
1/30/14,10.38037369
1/31/14,10.453053
2/1/14,10.24013834
2/2/14,11.76051965
2/3/14,12.84674689
2/4/14,10.76688371
2/5/14,9.845222644
2/6/14,9.29035231
2/7/14,9.103311799
2/8/14,8.795733606
2/9/14,8.623353387
2/10/14,8.418256444
2/11/14,8.310906757
2/12/14,8.236155662
2/13/14,8.13123655
2/14/14,7.927685046
2/15/14,7.759187439
2/16/14,7.726653665
2/17/14,7.835183755
2/18/14,7.884199934
2/19/14,7.914617709
2/20/14,7.92551898
2/21/14,7.75319427
2/22/14,7.508787171
2/23/14,7.557472902
2/24/14,7.802618063
2/25/14,7.68386398
2/26/14,7.984462732
2/27/14,7.851661178
2/28/14,7.684783944
3/1/14,7.337587744
3/2/14,7.40367029
3/3/14,7.86787149
3/4/14,7.898411093
3/5/14,7.584264818
3/6/14,7.714231145
3/7/14,7.889459149
3/8/14,7.325807503
3/9/14,7.488852956
3/10/14,7.553810852
3/11/14,7.669961995
3/12/14,7.988203597
3/13/14,8.004365565
3/14/14,7.651120176
3/15/14,7.486613313
3/16/14,7.449498005
3/17/14,7.595387279
3/18/14,7.609862201
3/19/14,7.54802897
3/20/14,7.617759577
3/21/14,7.595387279
3/22/14,7.346655163
3/23/14,7.401231264
3/24/14,8.093156698
3/25/14,7.923710334
3/26/14,7.690743164
3/27/14,8.43901541
3/28/14,7.782390336
3/29/14,7.308542798
3/30/14,7.261927093
3/31/14,7.437206367
4/1/14,7.54009032
4/2/14,7.585281079
4/3/14,7.608870629
4/4/14,7.464509835
4/5/14,7.156956365
4/6/14,7.487733761
4/7/14,7.448916103
4/8/14,7.470224136
4/9/14,7.436027816
4/10/14,7.521859252
4/11/14,7.410347098
4/12/14,7.156176637
4/13/14,7.138073034
4/14/14,7.36264527
4/15/14,7.516977225
4/16/14,7.617267814
4/17/14,7.495541944
4/18/14,7.392031568
4/19/14,7.17472431
4/20/14,8.091321274
4/21/14,7.515344571
4/22/14,7.845807503
4/23/14,7.691200098
4/24/14,7.834788107
4/25/14,7.677400431
4/26/14,7.248504072
4/27/14,7.402451521
4/28/14,7.694392803
4/29/14,7.826044014
4/30/14,7.6118424
5/1/14,7.513709248
5/2/14,7.676009932
5/3/14,7.240649694
5/4/14,7.655390645
5/5/14,8.139440522
5/6/14,8.374938144
5/7/14,7.901747519
5/8/14,8.023879993
5/9/14,8.750207863
5/10/14,8.081784207
5/11/14,7.704361168
5/12/14,7.868254266
5/13/14,7.819636302
5/14/14,7.760893196
5/15/14,7.667158255
5/16/14,7.634337236
5/17/14,7.351158226
5/18/14,7.589335823
5/19/14,7.910223707
5/20/14,7.854769183
5/21/14,7.646831391
5/22/14,7.491645474
5/23/14,7.523481313
5/24/14,7.035268599
5/25/14,7.065613364
5/26/14,7.229838778
5/27/14,7.508238775
5/28/14,8.311643949
5/29/14,8.014004995
5/30/14,7.497207223
5/31/14,7.831617276
6/1/14,7.151485464
6/2/14,7.410951876
6/3/14,7.630946581
6/4/14,7.475905969
6/5/14,7.588323677
6/6/14,7.24636808
6/7/14,7.103322063
6/8/14,7.104144093
6/9/14,7.192934221
6/10/14,7.401231264
6/11/14,7.439559309
6/12/14,7.707961532
6/13/14,7.350516172
6/14/14,7.322510434
6/15/14,7.285506549
6/16/14,7.367708572
6/17/14,7.267525428
6/18/14,7.224753406
6/19/14,7.222566019
6/20/14,7.351799869
6/21/14,6.975413927
6/22/14,7.043159916
6/23/14,7.480992163
6/24/14,7.203405521
6/25/14,7.224024808
6/26/14,7.113142109
6/27/14,7.079184395
6/28/14,6.88550967
6/29/14,6.874198495
6/30/14,7.723120092
7/1/14,7.496652438
7/2/14,7.224024808
7/3/14,7.272398393
7/4/14,7.079184395
7/5/14,6.854354502
7/6/14,6.930494766
7/7/14,7.156176637
7/8/14,7.314552832
7/9/14,7.226936018
7/10/14,7.656810091
7/11/14,7.54009032
7/12/14,7.210079628
7/13/14,7.249925537
7/14/14,7.294377299
7/15/14,7.519149958
7/16/14,7.422373701
7/17/14,8.223627176
7/18/14,7.492760301
7/19/14,7.224753406
7/20/14,7.25629724
7/21/14,7.448916103
7/22/14,7.655390645
7/23/14,7.671360923
7/24/14,7.924072325
7/25/14,7.800982071
7/26/14,7.456454555
7/27/14,7.36264527
7/28/14,8.213110698
7/29/14,8.236420527
7/30/14,7.921535632
7/31/14,7.745002804
8/1/14,7.578145472
8/2/14,7.566828479
8/3/14,7.658227526
8/4/14,8.270781013
8/5/14,7.803026644
8/6/14,7.622663951
8/7/14,7.700295203
8/8/14,8.058643712
8/9/14,7.641084249
8/10/14,7.836369761
8/11/14,8.373553741
8/12/14,8.609407675
8/13/14,8.177234886
8/14/14,8.036896773
8/15/14,7.953318347
8/16/14,7.784889296
8/17/14,8.073714641
8/18/14,8.280457687
8/19/14,8.199189359
8/20/14,8.000349495
8/21/14,7.887208586
8/22/14,7.83715965
8/23/14,7.979681302
8/24/14,8.518392472
8/25/14,8.356319966
8/26/14,7.932362154
8/27/14,7.836764783
8/29/14,8.537191878
8/30/14,8.026496939
8/31/14,7.972810784
9/1/14,8.374476889
9/2/14,8.253227646
9/3/14,8.445911989
9/4/14,8.49269556
9/5/14,8.839131753
9/6/14,8.07589363
9/7/14,8.750207863
9/8/14,10.70241266
9/9/14,10.05997835
9/10/14,8.793156871
9/11/14,8.714403361
9/12/14,9.056256357
9/13/14,8.621553207
9/14/14,9.961426217
9/15/14,9.70856696
9/16/14,9.196444267
9/17/14,8.614319902
9/18/14,8.889032572
9/19/14,9.016270068
9/20/14,8.199189359
9/21/14,9.162199997
9/22/14,9.607504455
9/23/14,8.442900587
9/24/14,8.157370441
9/25/14,8.184513753
9/26/14,8.838986793
9/27/14,8.212839585
9/28/14,8.336150816
9/29/14,8.590443653
9/30/14,8.701346403
10/1/14,8.266421473
10/2/14,8.274611946
10/3/14,8.366370302
10/4/14,8.035278911
10/5/14,9.231514607
10/6/14,9.964676721
10/7/14,8.845489237
10/8/14,8.672999643
10/9/14,8.400659375
10/10/14,8.580355766
10/11/14,8.02059915
10/12/14,9.107532152
10/13/14,9.438352055
10/14/14,8.501267041
10/15/14,8.313361951
10/16/14,8.325548307
10/17/14,8.476371197
10/18/14,8.201111644
10/19/14,8.700514249
10/20/14,11.27446521
10/21/14,9.607571675
10/22/14,8.878636747
10/23/14,8.765926514
10/24/14,9.856395945
10/25/14,8.434246271
10/26/14,8.803424212
10/27/14,9.381769488
10/28/14,8.76029622
10/29/14,8.555066844
10/30/14,8.46884293
10/31/14,8.531293316
11/1/14,8.045588281
11/2/14,9.090204571
11/3/14,9.454148924
11/4/14,9.059052258
11/5/14,8.259458195
11/6/14,8.189522111
11/7/14,8.195333667
11/8/14,7.693937326
11/9/14,8.290041619
11/10/14,9.032886947
11/11/14,8.382747095
11/12/14,8.217978203
11/13/14,8.12474302
11/14/14,8.046869511
11/15/14,7.573017256
11/16/14,8.398634855
11/17/14,8.711443319
11/18/14,8.251142139
11/19/14,7.992268643
11/20/14,8.005367067
11/21/14,8.08085642
11/22/14,7.528331767
11/23/14,8.202482447
11/24/14,9.074406095
11/25/14,8.214735833
11/26/14,7.96797318
11/27/14,8.128290172
11/28/14,7.953669779
11/29/14,7.6666902
11/30/14,7.965545573
12/1/14,9.142168592
12/2/14,8.287025025
12/3/14,8.283241441
12/4/14,8.301025254
12/5/14,8.387995253
12/6/14,7.709756864
12/7/14,8.111027838
12/8/14,8.745602852
12/9/14,8.391403185
12/10/14,8.119696253
12/11/14,8.235890726
12/12/14,8.106816039
12/13/14,7.711996507
12/14/14,8.425297177
12/15/14,8.849370504
12/16/14,8.493105396
12/17/14,8.174139343
12/18/14,8.102283624
12/19/14,7.833600224
12/20/14,7.522940918
12/21/14,7.910223707
12/22/14,8.365439636
12/23/14,9.060563447
12/24/14,8.179199798
12/25/14,8.016317899
12/26/14,8.103191752
12/27/14,7.814399634
12/28/14,8.387995253
12/29/14,8.74814617
12/30/14,8.312871394
12/31/14,7.923348212
1/1/15,7.846589975
1/2/15,8.30201781
1/3/15,8.436200032
1/4/15,8.93458687
1/5/15,8.888618807
1/6/15,8.664232934
1/7/15,8.500047033
1/8/15,8.418256444
1/9/15,8.472195825
1/10/15,8.307212627
1/11/15,9.886595685
1/12/15,10.69498574
1/13/15,9.760194383
1/14/15,9.11007795
1/15/15,8.799510901
1/16/15,8.783089672
1/17/15,8.429890863
1/18/15,8.878776072
1/19/15,9.759386209
1/20/15,8.952087644
1/21/15,8.66112036
1/22/15,8.58485184
1/23/15,8.396606228
1/24/15,7.923710334
1/25/15,8.085486772
1/26/15,8.358900612
1/27/15,8.303504799
1/28/15,8.277920258
1/29/15,8.363575703
1/30/15,8.59822003
1/31/15,8.081165778
2/1/15,9.034438167
2/2/15,10.28322451
2/3/15,9.27322127
2/4/15,8.7140749
2/6/15,8.23350314
2/7/15,7.884199934
2/8/15,7.812782819
2/9/15,7.931284762
2/10/15,8.414495793
2/11/15,8.156510226
2/12/15,7.857093865
2/13/15,7.909856667
2/14/15,7.809135398
2/15/15,7.507690078
2/16/15,8.203851372
2/17/15,7.821643126
2/18/15,7.803843304
2/19/15,7.760893196
2/20/15,7.703459048
2/21/15,8.06117136
2/22/15,7.350516172
2/23/15,7.483806688
2/24/15,7.540621529
2/25/15,7.696667082
2/26/15,7.503840747
2/27/15,7.398174093
2/28/15,7.042286172
3/1/15,7.052721049
3/2/15,7.36264527
3/3/15,7.623153068
3/4/15,7.795234929
3/5/15,8.426830751
3/6/15,7.916807491
3/7/15,7.236339343
3/8/15,7.206377291
3/9/15,7.556427969
3/10/15,7.582738489
3/11/15,7.68294317
3/12/15,7.606884531
3/13/15,7.703459048
3/14/15,7.151485464
3/15/15,7.04053639
3/16/15,7.338888134
3/17/15,7.484368643
3/18/15,7.351799869
3/19/15,7.423568444
3/20/15,7.291656209
3/21/15,6.816735881
3/22/15,6.910750788
3/23/15,7.321188557
3/24/15,7.991592282
3/25/15,7.712890961
3/26/15,7.28276118
3/27/15,7.305860033
3/28/15,6.905753276
3/29/15,7.873217055
3/30/15,7.085901464
3/31/15,7.271008538
4/1/15,7.213768308
4/2/15,7.166265974
4/3/15,7.21303166
4/4/15,6.829793738
4/5/15,6.801283034
4/6/15,7.157735484
4/7/15,7.045776577
4/8/15,7.091742115
4/9/15,7.23417718
4/10/15,7.280008253
4/11/15,6.697034248
4/12/15,7.028201432
4/13/15,7.17472431
4/14/15,7.22329568
4/15/15,7.336936914
4/16/15,7.362010551
4/17/15,7.263329617
4/18/15,6.811244379
4/19/15,7.318539549
4/20/15,7.640123173
4/21/15,7.405495663
4/22/15,7.572502985
4/23/15,7.485491608
4/24/15,7.333023014
4/25/15,7.205635176
4/26/15,7.090909822
4/27/15,7.326465614
4/28/15,7.355641103
4/29/15,7.463363046
4/30/15,7.567345676
5/1/15,7.749753406
5/2/15,7.14440718
5/3/15,6.899723107
5/4/15,7.331060305
5/5/15,7.221105098
5/6/15,7.737616283
5/7/15,7.363279587
5/8/15,7.290974778
5/9/15,7.038783541
5/10/15,6.932447892
5/11/15,7.305860033
5/12/15,7.686162303
5/13/15,7.479299638
5/14/15,7.26961675
5/15/15,7.309212366
5/16/15,6.74051936
5/17/15,6.805722553
5/18/15,7.142827401
5/19/15,7.18690102
5/20/15,7.140453043
5/21/15,8.761550139
5/22/15,8.279443488
5/23/15,7.437206367
5/24/15,7.160069208
5/25/15,7.041411664
5/26/15,7.17472431
5/27/15,7.412764017
5/28/15,7.25629724
5/29/15,7.284820913
5/30/15,6.726233402
5/31/15,6.932447892
6/1/15,7.074116816
6/2/15,7.202661197
6/3/15,7.164720379
6/4/15,7.067319849
6/5/15,6.906754779
6/6/15,6.677083461
6/7/15,6.517671273
6/8/15,7.043159916
6/9/15,7.043159916
6/10/15,6.91770561
6/11/15,7.057897937
6/12/15,6.855408799
6/13/15,6.643789733
6/14/15,6.525029658
6/15/15,6.89060912
6/16/15,6.926577033
6/17/15,7.00488199
6/18/15,6.873163834
6/19/15,6.89060912
6/20/15,6.442540166
6/21/15,6.835184586
6/22/15,7.272398393
6/23/15,7.077498054
6/24/15,7.344072851
6/25/15,7.291656209
6/26/15,7.271703707
6/27/15,7.454719949
6/28/15,6.692083743
6/29/15,6.963189986
6/30/15,7.016609684
7/1/15,6.791221463
7/2/15,6.820016365
7/3/15,6.618738984
7/4/15,6.473890696
7/5/15,6.499787041
7/6/15,6.859614904
7/7/15,6.881411304
7/8/15,6.997595983
7/9/15,7.152268856
7/10/15,7.196686571
7/11/15,6.708084084
7/12/15,6.982862751
7/13/15,7.128495946
7/14/15,7.089243155
7/15/15,7.198931241
7/16/15,8.090708716
7/17/15,7.39387829
7/18/15,7.05012252
7/19/15,7.19518732
7/20/15,7.44132039
7/21/15,7.417580402
7/22/15,7.474204806
7/23/15,7.392647521
7/24/15,7.185387016
7/25/15,6.864847778
7/26/15,6.834108739
7/27/15,7.28756064
7/28/15,7.224024808
7/29/15,7.244227516
7/30/15,7.306531399
7/31/15,7.317212408
8/1/15,6.958448393
8/2/15,6.825460036
8/3/15,7.181591945
8/4/15,7.276556403
8/5/15,7.271008538
8/6/15,7.824445931
8/7/15,7.419380583
8/8/15,7.007600614
8/9/15,7.073269717
8/10/15,7.265429723
8/11/15,7.602401336
8/12/15,7.557472902
8/13/15,7.582229194
8/14/15,7.289610521
8/15/15,7.330405212
8/16/15,7.221105098
8/17/15,7.431299675
8/18/15,7.750184162
8/19/15,7.629975707
8/20/15,7.730614066
8/21/15,7.824046011
8/22/15,7.22620901
8/23/15,7.477038472
8/24/15,7.863266724
8/25/15,7.9490915
8/26/15,7.769800996
8/27/15,7.579678823
8/28/15,7.549082711
8/29/15,7.291656209
8/30/15,7.789868559
8/31/15,7.656810091
9/1/15,7.534762657
9/2/15,7.665284718
9/3/15,8.06652149
9/4/15,8.149312844
9/5/15,7.725330038
9/6/15,7.717351272
9/7/15,7.677863501
9/8/15,7.895063498
9/9/15,8.079927771
9/10/15,8.193400232
9/11/15,8.665095821
9/12/15,7.844632644
9/13/15,8.779095811
9/14/15,9.058703197
9/15/15,8.421783007
9/16/15,8.072155308
9/17/15,8.40469616
9/18/15,9.721845765
9/19/15,8.114025442
9/20/15,8.430763463
9/21/15,8.548885638
9/22/15,8.322880022
9/23/15,8.00836557
9/24/15,8.119993828
9/25/15,8.58260633
9/26/15,7.609862201
9/27/15,8.412054873
9/28/15,9.541010092
9/29/15,8.559486104
9/30/15,8.144388866
10/1/15,7.99125393
10/2/15,7.885329239
10/3/15,7.459914766
10/4/15,8.375168691
10/5/15,8.726805608
10/6/15,8.075271546
10/7/15,7.800572655
10/8/15,7.749753406
10/9/15,7.919719761
10/10/15,7.356279877
10/11/15,8.173011312
10/13/15,8.261009786
10/14/15,7.846589975
10/15/15,7.740229525
10/16/15,7.830425618
10/17/15,7.361375429
10/18/15,8.298788394
10/19/15,8.741775707
10/20/15,8.39705739
10/21/15,7.778211475
10/22/15,7.933796875
10/23/15,7.860185057
10/24/15,7.942362238
10/25/15,8.198089249
10/26/15,8.429017501
10/27/15,8.056743775
10/28/15,7.811163385
10/29/15,7.786551806
10/30/15,8.108623268
10/31/15,7.621195163
11/1/15,8.092851028
11/2/15,9.392245175
11/3/15,8.453187861
11/4/15,8.094378445
11/5/15,7.99125393
11/6/15,8.328209492
11/7/15,7.641084249
11/8/15,8.486321528
11/9/15,9.16356318
11/10/15,8.188411308
11/11/15,7.826443135
11/12/15,7.960672608
11/13/15,7.672292456
11/14/15,7.163172391
11/15/15,7.902117546
11/16/15,9.634300063
11/17/15,8.848222068
11/18/15,8.383204551
11/19/15,8.164510269
11/20/15,8.052933037
11/21/15,7.56112159
11/22/15,8.256347773
11/23/15,8.672828483
11/24/15,8.30647216
11/25/15,8.058960018
11/26/15,7.87245515
11/27/15,8.195333667
11/28/15,7.591357047
11/29/15,8.021584533
11/30/15,12.14967159
12/1/15,11.5230441
12/2/15,8.711772646
12/3/15,8.05610966
12/4/15,8.08147504
12/5/15,7.458762692
12/6/15,8.014004995
12/7/15,8.496786382
12/8/15,7.98104976
12/9/15,7.777792626
12/10/15,8.260234292
12/11/15,7.866338923
12/12/15,7.310550159
12/13/15,7.718240952
12/14/15,8.319473692
12/15/15,8.236685323
12/16/15,7.807510042
12/17/15,7.591861715
12/18/15,7.528869257
12/19/15,7.171656823
12/20/15,7.891330758
12/21/15,8.360071436
12/22/15,8.110427238
12/23/15,7.775275846
12/24/15,7.347299701
12/25/15,7.301822342
12/26/15,7.120444372
12/27/15,8.878776072
12/28/15,9.250618218
12/29/15,9.247925132
12/30/15,8.391403185
12/31/15,8.004699511
1/1/16,7.589335823
1/2/16,7.825245291
1/3/16,8.249313746
1/4/16,9.295140974
1/5/16,8.568266462
1/6/16,8.352554369
1/7/16,8.295798111
1/8/16,8.290292591
1/9/16,7.785720897
1/10/16,8.28172399
1/11/16,8.470730317
1/12/16,8.135053909
1/13/16,8.06714904
1/14/16,8.023552392
1/15/16,8.021912779
1/16/16,7.817222786
1/17/16,9.273878393
1/18/16,10.33377535
1/19/16,9.125871215
1/20/16,8.891374009